District,Rainfall
Mumbai,782.3596040136546
Pune,774.285810566576
Nagpur,178.05558632002638
Bhopal,626.7166659904617
Indore,151.20527412389544
Jaipur,351.836918834769
Udaipur,555.31039083154
Lucknow,830.7923136100349
Kanpur,249.27556904535217
Patna,381.8482622481315
Ranchi,495.5375925575323
Kolkata,376.838962720479
Guwahati,115.77614838438537
Bhubaneswar,416.3190901987701
Chennai,851.686053851033
Bengaluru,874.7420025265616
Hyderabad,471.12820263864126
Kochi,468.0939172216065
